{"cameraMode":{"drawMode":0,"name":"Shaded","section":"Shading Mode"},"sceneLighting":true,"audioPlay":false,"sceneViewState":{"m_AlwaysRefresh":false,"showFog":true,"showSkybox":true,"showFlares":true,"showImageEffects":true,"showParticleSystems":true,"showVisualEffectGraphs":true,"m_FxEnabled":true},"in2DMode":false,"pivot":{"x":4.853311061859131,"y":3.5601885318756105,"z":-3.4602513313293459},"rotation":{"x":-0.01797495223581791,"y":0.1872815042734146,"z":-0.003477399703115225,"w":-0.9822059273719788},"size":2.491469144821167,"orthographic":false}